[
  {
    "alpha_two_code": "GB",
    "web_pages": ["https://rhul.ac.uk"],
    "state-province": null,
    "name": "Royal Holloway University of London",
    "domains": ["rhul.ac.uk"],
    "country": "United Kingdom"
  },
  {
    "alpha_two_code": "GB",
    "web_pages": ["https://myport.port.ac.uk"],
    "state-province": null,
    "name": "University of Portsmouth",
    "domains": ["myport.ac.uk", "myport.port.ac.uk"],
    "country": "United Kingdom"
  },
  {
    "alpha_two_code": "GB",
    "web_pages": ["https://futureworks.ac.uk/"],
    "state-province": null,
    "name": "Futureworks",
    "domains": ["futureworks.ac.uk"],
    "country": "United Kingdom"
  },
  {
    "alpha_two_code": "GB",
    "web_pages": ["https://www.arts.ac.uk"],
    "state-province": null,
    "name": "University of the Arts London",
    "domains": ["arts.ac.uk"],
    "country": "United Kingdom"
  },
  {
    "alpha_two_code": "GB",
    "web_pages": ["http://www.abdn.ac.uk/"],
    "state-province": null,
    "name": "University of Aberdeen",
    "domains": ["abdn.ac.uk", "aberdeen.ac.uk"],
    "country": "United Kingdom"
  },
  {
    "alpha_two_code": "GB",
    "web_pages": ["https://aber.ac.uk/"],
    "state-province": null,
    "name": "Aberystwyth University",
    "domains": ["aber.ac.uk"],
    "country": "United Kingdom"
  },
  {
    "alpha_two_code": "GB",
    "web_pages": ["http://www.abertay.ac.uk/"],
    "state-province": null,
    "name": "University of Abertay Dundee",
    "domains": ["abertay.ac.uk"],
    "country": "United Kingdom"
  },
  {
    "alpha_two_code": "GB",
    "web_pages": ["http://www.aiuniv.edu/"],
    "state-province": null,
    "name": "American InterContinental University - London",
    "domains": ["aiuniv.edu"],
    "country": "United Kingdom"
  },
  {
    "alpha_two_code": "GB",
    "web_pages": ["http://www.anglia.ac.uk/"],
    "state-province": null,
    "name": "Anglia Ruskin University",
    "domains": ["anglia.ac.uk"],
    "country": "United Kingdom"
  },
  {
    "alpha_two_code": "GB",
    "web_pages": ["http://www.aston.ac.uk/"],
    "state-province": null,
    "name": "Aston University",
    "domains": ["aston.ac.uk"],
    "country": "United Kingdom"
  },
  {
    "alpha_two_code": "GB",
    "web_pages": ["http://www.aul.edu/"],
    "state-province": null,
    "name": "The American University in London",
    "domains": ["aul.edu"],
    "country": "United Kingdom"
  },
  {
    "alpha_two_code": "GB",
    "web_pages": ["http://www.bangor.ac.uk/"],
    "state-province": null,
    "name": "University of Wales, Bangor",
    "domains": ["bangor.ac.uk"],
    "country": "United Kingdom"
  },
  {
    "alpha_two_code": "GB",
    "web_pages": ["http://www.bath.ac.uk/"],
    "state-province": null,
    "name": "University of Bath",
    "domains": ["bath.ac.uk"],
    "country": "United Kingdom"
  },
  {
    "alpha_two_code": "GB",
    "web_pages": ["https://www.bathspa.ac.uk/"],
    "state-province": null,
    "name": "Bath Spa University",
    "domains": ["bathspa.ac.uk"],
    "country": "United Kingdom"
  },
  {
    "alpha_two_code": "GB",
    "web_pages": ["http://www.bbk.ac.uk/"],
    "state-province": null,
    "name": "Birkbeck College, University of London",
    "domains": ["bbk.ac.uk"],
    "country": "United Kingdom"
  },
  {
    "alpha_two_code": "GB",
    "web_pages": ["http://www.bcom.ac.uk/"],
    "state-province": null,
    "name": "British College of Osteopathic Medicine",
    "domains": ["bcom.ac.uk"],
    "country": "United Kingdom"
  },
  {
    "alpha_two_code": "GB",
    "web_pages": ["http://www.bcu.ac.uk/"],
    "state-province": null,
    "name": "Birmingham City University",
    "domains": ["bcu.ac.uk"],
    "country": "United Kingdom"
  },
  {
    "alpha_two_code": "GB",
    "web_pages": ["http://www.beds.ac.uk/"],
    "state-province": null,
    "name": "University of Bedfordshire",
    "domains": ["beds.ac.uk"],
    "country": "United Kingdom"
  },
  {
    "alpha_two_code": "GB",
    "web_pages": ["http://www.bham.ac.uk/"],
    "state-province": null,
    "name": "University of Birmingham",
    "domains": ["bham.ac.uk"],
    "country": "United Kingdom"
  },
  {
    "alpha_two_code": "GB",
    "web_pages": ["http://www.bolton.ac.uk/"],
    "state-province": null,
    "name": "University of Bolton",
    "domains": ["bolton.ac.uk"],
    "country": "United Kingdom"
  },
  {
    "alpha_two_code": "GB",
    "web_pages": ["http://www.bournemouth.ac.uk/"],
    "state-province": null,
    "name": "Bournemouth University",
    "domains": ["bournemouth.ac.uk"],
    "country": "United Kingdom"
  },
  {
    "alpha_two_code": "GB",
    "web_pages": ["http://www.brad.ac.uk/"],
    "state-province": null,
    "name": "University of Bradford",
    "domains": ["brad.ac.uk"],
    "country": "United Kingdom"
  },
  {
    "alpha_two_code": "GB",
    "web_pages": ["http://www.brijnet.org/lsjs/"],
    "state-province": null,
    "name": "London School of Jewish Studies",
    "domains": ["brijnet.org"],
    "country": "United Kingdom"
  },
  {
    "alpha_two_code": "GB",
    "web_pages": ["https://www.bristol.ac.uk/"],
    "state-province": null,
    "name": "University of Bristol",
    "domains": ["bristol.ac.uk", "bris.ac.uk"],
    "country": "United Kingdom"
  },
  {
    "alpha_two_code": "GB",
    "web_pages": ["http://www.brookes.ac.uk/"],
    "state-province": null,
    "name": "Oxford Brookes University",
    "domains": ["brookes.ac.uk"],
    "country": "United Kingdom"
  },
  {
    "alpha_two_code": "GB",
    "web_pages": ["http://www.brunel.ac.uk/"],
    "state-province": null,
    "name": "Brunel University Uxbridge",
    "domains": ["brunel.ac.uk"],
    "country": "United Kingdom"
  },
  {
    "alpha_two_code": "GB",
    "web_pages": ["http://www.bton.ac.uk/"],
    "state-province": null,
    "name": "University of Brighton",
    "domains": ["bton.ac.uk"],
    "country": "United Kingdom"
  },
  {
    "alpha_two_code": "GB",
    "web_pages": ["http://www.buck.ac.uk/"],
    "state-province": null,
    "name": "University of Buckingham",
    "domains": ["buck.ac.uk"],
    "country": "United Kingdom"
  },
  {
    "alpha_two_code": "GB",
    "web_pages": ["http://www.bucks.ac.uk/"],
    "state-province": null,
    "name": "Buckinghamshire New University",
    "domains": ["bucks.ac.uk"],
    "country": "United Kingdom"
  },
  {
    "alpha_two_code": "GB",
    "web_pages": ["http://www.cam.ac.uk/"],
    "state-province": null,
    "name": "University of Cambridge",
    "domains": ["cam.ac.uk"],
    "country": "United Kingdom"
  },
  {
    "alpha_two_code": "GB",
    "web_pages": ["http://www.camb.linst.ac.uk/"],
    "state-province": null,
    "name": "Camberwell College of Arts",
    "domains": ["camb.linst.ac.uk"],
    "country": "United Kingdom"
  },
  {
    "alpha_two_code": "GB",
    "web_pages": ["http://www.canterbury.ac.uk/"],
    "state-province": "Canterbury",
    "name": "Canterbury Christ Church University",
    "domains": ["canterbury.ac.uk"],
    "country": "United Kingdom"
  },
  {
    "alpha_two_code": "GB",
    "web_pages": ["http://www.cardiff.ac.uk/"],
    "state-province": null,
    "name": "Cardiff University",
    "domains": ["cardiff.ac.uk", "cf.ac.uk"],
    "country": "United Kingdom"
  },
  {
    "alpha_two_code": "GB",
    "web_pages": ["http://www.chelsea.linst.ac.uk/"],
    "state-province": null,
    "name": "Chelsea College of Art and Design",
    "domains": ["chelsea.linst.ac.uk"],
    "country": "United Kingdom"
  },
  {
    "alpha_two_code": "GB",
    "web_pages": ["http://www.chester.ac.uk/"],
    "state-province": null,
    "name": "University of Chester",
    "domains": ["chester.ac.uk"],
    "country": "United Kingdom"
  },
  {
    "alpha_two_code": "GB",
    "web_pages": ["http://www.city.ac.uk/"],
    "state-province": null,
    "name": "City University",
    "domains": ["city.ac.uk"],
    "country": "United Kingdom"
  },
  {
    "alpha_two_code": "GB",
    "web_pages": ["http://www.courtauld.ac.uk/"],
    "state-province": null,
    "name": "Courtauld Institute of Art, University of London",
    "domains": ["courtauld.ac.uk"],
    "country": "United Kingdom"
  },
  {
    "alpha_two_code": "GB",
    "web_pages": ["http://www.coventry.ac.uk/"],
    "state-province": null,
    "name": "Coventry University",
    "domains": ["coventry.ac.uk"],
    "country": "United Kingdom"
  },
  {
    "alpha_two_code": "GB",
    "web_pages": ["http://www.cranfield.ac.uk/"],
    "state-province": null,
    "name": "Cranfield University",
    "domains": ["cranfield.ac.uk"],
    "country": "United Kingdom"
  },
  {
    "alpha_two_code": "GB",
    "web_pages": ["http://www.csm.linst.ac.uk/"],
    "state-province": null,
    "name": "Central Saint Martins College of Art & Design",
    "domains": ["csm.linst.ac.uk"],
    "country": "United Kingdom"
  },
  {
    "alpha_two_code": "GB",
    "web_pages": ["http://www.derby.ac.uk/"],
    "state-province": null,
    "name": "University of Derby",
    "domains": ["derby.ac.uk"],
    "country": "United Kingdom"
  },
  {
    "alpha_two_code": "GB",
    "web_pages": ["http://www.dmu.ac.uk/"],
    "state-province": null,
    "name": "De Montfort University Leicester",
    "domains": ["dmu.ac.uk"],
    "country": "United Kingdom"
  },
  {
    "alpha_two_code": "GB",
    "web_pages": ["http://www.dundee.ac.uk/"],
    "state-province": null,
    "name": "University of Dundee",
    "domains": ["dundee.ac.uk"],
    "country": "United Kingdom"
  },
  {
    "alpha_two_code": "GB",
    "web_pages": ["http://www.dur.ac.uk/"],
    "state-province": null,
    "name": "University of Durham",
    "domains": ["dur.ac.uk"],
    "country": "United Kingdom"
  },
  {
    "alpha_two_code": "GB",
    "web_pages": ["http://www.edgehill.ac.uk/"],
    "state-province": null,
    "name": "Edge Hill University",
    "domains": ["edgehill.ac.uk"],
    "country": "United Kingdom"
  },
  {
    "alpha_two_code": "GB",
    "web_pages": ["http://www.ed.ac.uk/"],
    "state-province": null,
    "name": "University of Edinburgh",
    "domains": ["ed.ac.uk"],
    "country": "United Kingdom"
  },
  {
    "alpha_two_code": "GB",
    "web_pages": ["http://www.eselondon.ac.uk/"],
    "state-province": null,
    "name": "European School of Economics",
    "domains": ["eselondon.ac.uk"],
    "country": "United Kingdom"
  },
  {
    "alpha_two_code": "GB",
    "web_pages": ["http://www.essex.ac.uk/"],
    "state-province": null,
    "name": "University of Essex",
    "domains": ["essex.ac.uk", "sx.ac.uk"],
    "country": "United Kingdom"
  },
  {
    "alpha_two_code": "GB",
    "web_pages": ["http://www.ex.ac.uk/"],
    "state-province": null,
    "name": "University of Exeter",
    "domains": ["ex.ac.uk"],
    "country": "United Kingdom"
  },
  {
    "alpha_two_code": "GB",
    "web_pages": ["http://www.falmouth.ac.uk/"],
    "state-province": null,
    "name": "Falmouth University",
    "domains": ["falmouth.ac.uk"],
    "country": "United Kingdom"
  },
  {
    "alpha_two_code": "GB",
    "web_pages": ["http://www.gcal.ac.uk/"],
    "state-province": null,
    "name": "Glasgow Caledonian University",
    "domains": ["gcal.ac.uk", "gcu.ac.uk"],
    "country": "United Kingdom"
  },
  {
    "alpha_two_code": "GB",
    "web_pages": ["http://www.gla.ac.uk/"],
    "state-province": null,
    "name": "University of Glasgow",
    "domains": ["gla.ac.uk"],
    "country": "United Kingdom"
  },
  {
    "alpha_two_code": "GB",
    "web_pages": ["http://www.glam.ac.uk/"],
    "state-province": null,
    "name": "University of Glamorgan",
    "domains": ["glam.ac.uk"],
    "country": "United Kingdom"
  },
  {
    "alpha_two_code": "GB",
    "web_pages": ["http://www.glos.ac.uk/"],
    "state-province": null,
    "name": "University of Gloucestershire",
    "domains": ["glos.ac.uk"],
    "country": "United Kingdom"
  },
  {
    "alpha_two_code": "GB",
    "web_pages": ["http://www.gold.ac.uk/"],
    "state-province": null,
    "name": "Goldsmiths College, University of London",
    "domains": ["gold.ac.uk"],
    "country": "United Kingdom"
  },
  {
    "alpha_two_code": "GB",
    "web_pages": ["http://www.gre.ac.uk/"],
    "state-province": null,
    "name": "University of Greenwich",
    "domains": ["gre.ac.uk"],
    "country": "United Kingdom"
  },
  {
    "alpha_two_code": "GB",
    "web_pages": ["http://www.gsa.ac.uk/"],
    "state-province": null,
    "name": "Glasgow School of Art",
    "domains": ["gsa.ac.uk", "student.gsa.ac.uk"],
    "country": "United Kingdom"
  },
  {
    "alpha_two_code": "GB",
    "web_pages": ["http://www.halifaxuni.ac/"],
    "state-province": null,
    "name": "University of Halifax, Birmingham Campus",
    "domains": ["halifaxuni.ac"],
    "country": "United Kingdom"
  },
  {
    "alpha_two_code": "GB",
    "web_pages": ["http://www.herts.ac.uk/"],
    "state-province": null,
    "name": "University of Hertfordshire",
    "domains": ["herts.ac.uk"],
    "country": "United Kingdom"
  },
  {
    "alpha_two_code": "GB",
    "web_pages": ["http://www.heythrop.ac.uk/"],
    "state-province": null,
    "name": "Heythrop College, University of London",
    "domains": ["heythrop.ac.uk"],
    "country": "United Kingdom"
  },
  {
    "alpha_two_code": "GB",
    "web_pages": ["http://www.hope.ac.uk/"],
    "state-province": null,
    "name": "Liverpool Hope University College",
    "domains": ["hope.ac.uk"],
    "country": "United Kingdom"
  },
  {
    "alpha_two_code": "GB",
    "web_pages": ["http://www.hud.ac.uk/"],
    "state-province": null,
    "name": "University of Huddersfield",
    "domains": ["hud.ac.uk"],
    "country": "United Kingdom"
  },
  {
    "alpha_two_code": "GB",
    "web_pages": ["http://www.hull.ac.uk/"],
    "state-province": null,
    "name": "University of Hull",
    "domains": ["hull.ac.uk"],
    "country": "United Kingdom"
  },
  {
    "alpha_two_code": "GB",
    "web_pages": ["http://www.huron.ac.uk/"],
    "state-province": null,
    "name": "Huron University USA in London",
    "domains": ["huron.ac.uk"],
    "country": "United Kingdom"
  },
  {
    "alpha_two_code": "GB",
    "web_pages": ["http://www.hw.ac.uk/"],
    "state-province": null,
    "name": "Heriot-Watt University",
    "domains": ["hw.ac.uk"],
    "country": "United Kingdom"
  },
  {
    "alpha_two_code": "GB",
    "web_pages": ["http://www.imperial.ac.uk/"],
    "state-province": null,
    "name": "Imperial College London",
    "domains": ["imperial.ac.uk", "ic.ac.uk"],
    "country": "United Kingdom"
  },
  {
    "alpha_two_code": "GB",
    "web_pages": ["http://www.ifslearning.ac.uk/"],
    "state-province": null,
    "name": "ifs University College",
    "domains": ["ifslearning.ac.uk"],
    "country": "United Kingdom"
  },
  {
    "alpha_two_code": "GB",
    "web_pages": ["http://ihr.sas.ac.uk/"],
    "state-province": null,
    "name": "Institue of Historical Research, University of London",
    "domains": ["ihr.sas.ac.uk"],
    "country": "United Kingdom"
  },
  {
    "alpha_two_code": "GB",
    "web_pages": ["http://www.ioe.ac.uk/"],
    "state-province": null,
    "name": "Institute of Education, University of London",
    "domains": ["ioe.ac.uk"],
    "country": "United Kingdom"
  },
  {
    "alpha_two_code": "GB",
    "web_pages": ["http://www.islamiccolleges.com/"],
    "state-province": null,
    "name": "International Colleges of Islamic Science",
    "domains": ["islamiccolleges.com"],
    "country": "United Kingdom"
  },
  {
    "alpha_two_code": "GB",
    "web_pages": ["http://www.kcl.ac.uk/"],
    "state-province": null,
    "name": "King's College London, University of London",
    "domains": ["kcl.ac.uk"],
    "country": "United Kingdom"
  },
  {
    "alpha_two_code": "GB",
    "web_pages": ["http://www.keele.ac.uk/"],
    "state-province": null,
    "name": "Keele University",
    "domains": ["keele.ac.uk"],
    "country": "United Kingdom"
  },
  {
    "alpha_two_code": "GB",
    "web_pages": ["http://www.kingston.ac.uk/"],
    "state-province": null,
    "name": "Kingston University",
    "domains": ["kingston.ac.uk"],
    "country": "United Kingdom"
  },
  {
    "alpha_two_code": "GB",
    "web_pages": ["http://www.kolieh.com/"],
    "state-province": null,
    "name": "International Centre for Isclamic Science",
    "domains": ["kolieh.com"],
    "country": "United Kingdom"
  },
  {
    "alpha_two_code": "GB",
    "web_pages": ["http://www.lamp.ac.uk/"],
    "state-province": null,
    "name": "University of Wales, Lampeter",
    "domains": ["lamp.ac.uk"],
    "country": "United Kingdom"
  },
  {
    "alpha_two_code": "GB",
    "web_pages": ["http://www.lancs.ac.uk/"],
    "state-province": null,
    "name": "University of Lancaster",
    "domains": ["lancs.ac.uk"],
    "country": "United Kingdom"
  },
  {
    "alpha_two_code": "GB",
    "web_pages": ["http://www.lboro.ac.uk/"],
    "state-province": null,
    "name": "Loughborough University",
    "domains": ["lboro.ac.uk", "student.lboro.ac.uk"],
    "country": "United Kingdom"
  },
  {
    "alpha_two_code": "GB",
    "web_pages": ["http://www.lbs.lon.ac.uk/"],
    "state-province": null,
    "name": "London Business School",
    "domains": ["lbs.lon.ac.uk"],
    "country": "United Kingdom"
  },
  {
    "alpha_two_code": "GB",
    "web_pages": ["http://www.lcst.ac/"],
    "state-province": null,
    "name": "London College of Science & Technology",
    "domains": ["lcst.ac"],
    "country": "United Kingdom"
  },
  {
    "alpha_two_code": "GB",
    "web_pages": ["http://www.le.ac.uk/"],
    "state-province": null,
    "name": "University of Leicester",
    "domains": ["le.ac.uk"],
    "country": "United Kingdom"
  },
  {
    "alpha_two_code": "GB",
    "web_pages": ["http://www.leeds.ac.uk/"],
    "state-province": null,
    "name": "University of Leeds",
    "domains": ["leeds.ac.uk"],
    "country": "United Kingdom"
  },
  {
    "alpha_two_code": "GB",
    "web_pages": ["http://www.lgu.ac.uk/"],
    "state-province": null,
    "name": "London Guildhall University",
    "domains": ["lgu.ac.uk"],
    "country": "United Kingdom"
  },
  {
    "alpha_two_code": "GB",
    "web_pages": ["http://www.limt.co.uk/"],
    "state-province": null,
    "name": "London Institute of Management and Technology",
    "domains": ["limt.co.uk"],
    "country": "United Kingdom"
  },
  {
    "alpha_two_code": "GB",
    "web_pages": ["http://www.lincoln.ac.uk/"],
    "state-province": null,
    "name": "University of Lincoln",
    "domains": ["lincoln.ac.uk"],
    "country": "United Kingdom"
  },
  {
    "alpha_two_code": "GB",
    "web_pages": ["http://www.liv.ac.uk/"],
    "state-province": null,
    "name": "University of Liverpool",
    "domains": ["liv.ac.uk"],
    "country": "United Kingdom"
  },
  {
    "alpha_two_code": "GB",
    "web_pages": ["https://www.ljmu.ac.uk/"],
    "state-province": null,
    "name": "Liverpool John Moores University",
    "domains": ["ljmu.ac.uk"],
    "country": "United Kingdom"
  },
  {
    "alpha_two_code": "GB",
    "web_pages": ["https://www.leedsbeckett.ac.uk/"],
    "state-province": null,
    "name": "Leeds Beckett University",
    "domains": ["leedsbeckett.ac.uk"],
    "country": "United Kingdom"
  },
  {
    "alpha_two_code": "GB",
    "web_pages": ["http://www.lon.ac.uk/"],
    "state-province": null,
    "name": "University of London",
    "domains": ["lon.ac.uk"],
    "country": "United Kingdom"
  },
  {
    "alpha_two_code": "GB",
    "web_pages": ["http://www.londonmet.ac.uk/"],
    "state-province": null,
    "name": "London Metropolitan University",
    "domains": ["londonmet.ac.uk"],
    "country": "United Kingdom"
  },
  {
    "alpha_two_code": "GB",
    "web_pages": ["http://www.lsbf.org.uk/"],
    "state-province": null,
    "name": "London School of Business & Finance",
    "domains": ["lsbf.org.uk"],
    "country": "United Kingdom"
  },
  {
    "alpha_two_code": "GB",
    "web_pages": ["http://www.lse.ac.uk/"],
    "state-province": null,
    "name": "London School of Economics and Political Science, University of London",
    "domains": ["lse.ac.uk"],
    "country": "United Kingdom"
  },
  {
    "alpha_two_code": "GB",
    "web_pages": ["http://www.lshtm.ac.uk/"],
    "state-province": null,
    "name": "London School of Hygiene & Tropical Medicine, University of London",
    "domains": ["lshtm.ac.uk"],
    "country": "United Kingdom"
  },
  {
    "alpha_two_code": "GB",
    "web_pages": ["http://www.manchester.ac.uk/"],
    "state-province": null,
    "name": "University of Manchester",
    "domains": ["manchester.ac.uk", "mbs.ac.uk", "man.ac.uk"],
    "country": "United Kingdom"
  },
  {
    "alpha_two_code": "GB",
    "web_pages": ["https://www.mdx.ac.uk/"],
    "state-province": null,
    "name": "Middlesex University - London",
    "domains": ["mdx.ac.uk"],
    "country": "United Kingdom"
  },
  {
    "alpha_two_code": "GB",
    "web_pages": ["http://www.med.ic.ac.uk/"],
    "state-province": null,
    "name": "Imperial College School of Medicine",
    "domains": ["med.ic.ac.uk"],
    "country": "United Kingdom"
  },
  {
    "alpha_two_code": "GB",
    "web_pages": ["http://www.mmu.ac.uk/"],
    "state-province": null,
    "name": "The Manchester Metropolitan University",
    "domains": ["mmu.ac.uk"],
    "country": "United Kingdom"
  },
  {
    "alpha_two_code": "GB",
    "web_pages": ["https://www.napier.ac.uk/"],
    "state-province": null,
    "name": "Edinburgh Napier University",
    "domains": ["napier.ac.uk"],
    "country": "United Kingdom"
  },
  {
    "alpha_two_code": "GB",
    "web_pages": ["https://www.ncl.ac.uk/"],
    "state-province": null,
    "name": "Newcastle University",
    "domains": ["ncl.ac.uk"],
    "country": "United Kingdom"
  },
  {
    "alpha_two_code": "GB",
    "web_pages": ["http://www.newport.ac.uk/"],
    "state-province": null,
    "name": "University of Wales, Newport",
    "domains": ["newport.ac.uk"],
    "country": "United Kingdom"
  },
  {
    "alpha_two_code": "GB",
    "web_pages": ["http://www.niu.org.uk/"],
    "state-province": null,
    "name": "Newport International University",
    "domains": ["niu.org.uk"],
    "country": "United Kingdom"
  },
  {
    "alpha_two_code": "GB",
    "web_pages": ["http://www.northampton.ac.uk/"],
    "state-province": null,
    "name": "University of Northampton",
    "domains": ["northampton.ac.uk"],
    "country": "United Kingdom"
  },
  {
    "alpha_two_code": "GB",
    "web_pages": ["http://www.nottingham.ac.uk/"],
    "state-province": null,
    "name": "University of Nottingham",
    "domains": ["nottingham.ac.uk"],
    "country": "United Kingdom"
  },
  {
    "alpha_two_code": "GB",
    "web_pages": ["http://www.ntu.ac.uk/"],
    "state-province": null,
    "name": "Nottingham Trent University",
    "domains": ["ntu.ac.uk"],
    "country": "United Kingdom"
  },
  {
    "alpha_two_code": "GB",
    "web_pages": ["http://www.open.ac.uk/"],
    "state-province": null,
    "name": "Open University",
    "domains": ["open.ac.uk", "ou.ac.uk"],
    "country": "United Kingdom"
  },
  {
    "alpha_two_code": "GB",
    "web_pages": ["http://www.ox.ac.uk/"],
    "state-province": null,
    "name": "University of Oxford",
    "domains": ["oxford.ac.uk", "ox.ac.uk"],
    "country": "United Kingdom"
  },
  {
    "alpha_two_code": "GB",
    "web_pages": ["http://www.paisley.ac.uk/"],
    "state-province": null,
    "name": "University of Paisley",
    "domains": ["paisley.ac.uk"],
    "country": "United Kingdom"
  },
  {
    "alpha_two_code": "GB",
    "web_pages": ["http://www.plymouth.ac.uk/"],
    "state-province": null,
    "name": "University of Plymouth",
    "domains": ["plymouth.ac.uk"],
    "country": "United Kingdom"
  },
  {
    "alpha_two_code": "GB",
    "web_pages": ["http://www.port.ac.uk/"],
    "state-province": null,
    "name": "University of Portsmouth",
    "domains": ["port.ac.uk"],
    "country": "United Kingdom"
  },
  {
    "alpha_two_code": "GB",
    "web_pages": ["http://www.qmul.ac.uk/"],
    "state-province": null,
    "name": "Queen Mary, University of London",
    "domains": ["qmw.ac.uk", "qmul.ac.uk"],
    "country": "United Kingdom"
  },
  {
    "alpha_two_code": "GB",
    "web_pages": ["http://www.qub.ac.uk/"],
    "state-province": null,
    "name": "The Queen's University Belfast",
    "domains": ["qub.ac.uk"],
    "country": "United Kingdom"
  },
  {
    "alpha_two_code": "GB",
    "web_pages": ["http://www.ram.ac.uk/"],
    "state-province": null,
    "name": "Royal Academy of Music, University of London",
    "domains": ["ram.ac.uk"],
    "country": "United Kingdom"
  },
  {
    "alpha_two_code": "GB",
    "web_pages": ["http://www.rca.ac.uk/"],
    "state-province": null,
    "name": "Royal College of Art",
    "domains": ["rca.ac.uk", "network.rca.ac.uk"],
    "country": "United Kingdom"
  },
  {
    "alpha_two_code": "GB",
    "web_pages": ["http://www.rcm.ac.uk/"],
    "state-province": null,
    "name": "Royal College of Music, University of London",
    "domains": ["rcm.ac.uk"],
    "country": "United Kingdom"
  },
  {
    "alpha_two_code": "GB",
    "web_pages": ["http://www.rdg.ac.uk/"],
    "state-province": null,
    "name": "University of Reading",
    "domains": ["rdg.ac.uk"],
    "country": "United Kingdom"
  },
  {
    "alpha_two_code": "GB",
    "web_pages": ["http://www.rfhsm.ac.uk/"],
    "state-province": null,
    "name": "Royal Free Hospital School of Medicine, University of London",
    "domains": ["rfhsm.ac.uk"],
    "country": "United Kingdom"
  },
  {
    "alpha_two_code": "GB",
    "web_pages": ["http://www.rgu.ac.uk/"],
    "state-province": null,
    "name": "The Robert Gordon University",
    "domains": ["rgu.ac.uk"],
    "country": "United Kingdom"
  },
  {
    "alpha_two_code": "GB",
    "web_pages": ["http://www.royalholloway.ac.uk/"],
    "state-province": null,
    "name": "Royal Holloway and Bedford New College",
    "domains": ["royalholloway.ac.uk", "rhbnc.ac.uk", "rh.ac.uk"],
    "country": "United Kingdom"
  },
  {
    "alpha_two_code": "GB",
    "web_pages": ["http://www.richmond.ac.uk/"],
    "state-province": null,
    "name": "Richmond University - The American International University in London",
    "domains": ["richmond.ac.uk"],
    "country": "United Kingdom"
  },
  {
    "alpha_two_code": "GB",
    "web_pages": ["http://www.roehampton.ac.uk/"],
    "state-province": null,
    "name": "Roehampton University of Surrey",
    "domains": ["roehampton.ac.uk"],
    "country": "United Kingdom"
  },
  {
    "alpha_two_code": "GB",
    "web_pages": ["http://www.salford.ac.uk/"],
    "state-province": null,
    "name": "University of Salford",
    "domains": ["salford.ac.uk"],
    "country": "United Kingdom"
  },
  {
    "alpha_two_code": "GB",
    "web_pages": ["http://www.sas.ac.uk/"],
    "state-province": null,
    "name": "School of Advanced Study, University of London",
    "domains": ["sas.ac.uk"],
    "country": "United Kingdom"
  },
  {
    "alpha_two_code": "GB",
    "web_pages": ["http://www.sbu.ac.uk/"],
    "state-province": null,
    "name": "South Bank University",
    "domains": ["sbu.ac.uk"],
    "country": "United Kingdom"
  },
  {
    "alpha_two_code": "GB",
    "web_pages": ["http://www.schillerlondon.ac.uk/"],
    "state-province": null,
    "name": "Schiller International University, London",
    "domains": ["schillerlondon.ac.uk"],
    "country": "United Kingdom"
  },
  {
    "alpha_two_code": "GB",
    "web_pages": ["http://www.sclondon.ac/"],
    "state-province": null,
    "name": "Stratford College London",
    "domains": ["sclondon.ac"],
    "country": "United Kingdom"
  },
  {
    "alpha_two_code": "GB",
    "web_pages": ["http://www.sghms.ac.uk/"],
    "state-province": null,
    "name": "Saint George's Hospital Medical School, University of London",
    "domains": ["sghms.ac.uk"],
    "country": "United Kingdom"
  },
  {
    "alpha_two_code": "GB",
    "web_pages": ["https://www.sheffield.ac.uk/"],
    "state-province": null,
    "name": "The University of Sheffield",
    "domains": ["shef.ac.uk", "sheffield.ac.uk"],
    "country": "United Kingdom"
  },
  {
    "alpha_two_code": "GB",
    "web_pages": ["http://www.shu.ac.uk/"],
    "state-province": null,
    "name": "Sheffield Hallam University",
    "domains": ["shu.ac.uk"],
    "country": "United Kingdom"
  },
  {
    "alpha_two_code": "GB",
    "web_pages": ["http://www.smu.ac.uk/"],
    "state-province": null,
    "name": "Swansea Metropolitan University",
    "domains": ["smu.ac.uk"],
    "country": "United Kingdom"
  },
  {
    "alpha_two_code": "GB",
    "web_pages": ["http://www.soas.ac.uk/"],
    "state-province": null,
    "name": "School of Oriental and African Studies, University of London",
    "domains": ["soas.ac.uk"],
    "country": "United Kingdom"
  },
  {
    "alpha_two_code": "GB",
    "web_pages": ["http://www.solent.ac.uk/"],
    "state-province": null,
    "name": "Southampton Solent University",
    "domains": ["solent.ac.uk"],
    "country": "United Kingdom"
  },
  {
    "alpha_two_code": "GB",
    "web_pages": ["http://www.sothebysinstitutelondon.com/"],
    "state-province": null,
    "name": "Sotheby´s Institute of Art - London",
    "domains": ["sothebysinstitutelondon.com"],
    "country": "United Kingdom"
  },
  {
    "alpha_two_code": "GB",
    "web_pages": ["http://www.southampton.ac.uk/"],
    "state-province": null,
    "name": "University of Southampton",
    "domains": ["soton.ac.uk"],
    "country": "United Kingdom"
  },
  {
    "alpha_two_code": "GB",
    "web_pages": ["http://www.ssees.ac.uk/"],
    "state-province": null,
    "name": "School of Slavonic and East European Studies, University of London",
    "domains": ["ssees.ac.uk"],
    "country": "United Kingdom"
  },
  {
    "alpha_two_code": "GB",
    "web_pages": ["http://www.staffs.ac.uk/"],
    "state-province": null,
    "name": "Staffordshire University",
    "domains": ["staffs.ac.uk"],
    "country": "United Kingdom"
  },
  {
    "alpha_two_code": "GB",
    "web_pages": ["https://www.st-andrews.ac.uk/"],
    "state-province": null,
    "name": "University of St. Andrews",
    "domains": ["st-andrews.ac.uk", "st-and.ac.uk"],
    "country": "United Kingdom"
  },
  {
    "alpha_two_code": "GB",
    "web_pages": ["http://www.stir.ac.uk/"],
    "state-province": null,
    "name": "University of Stirling",
    "domains": ["stir.ac.uk"],
    "country": "United Kingdom"
  },
  {
    "alpha_two_code": "GB",
    "web_pages": ["http://www.st-patricks.ac.uk/"],
    "state-province": null,
    "name": "St.Patrick's International College, London",
    "domains": ["st-patricks.ac.uk"],
    "country": "United Kingdom"
  },
  {
    "alpha_two_code": "GB",
    "web_pages": ["http://www.strath.ac.uk/"],
    "state-province": null,
    "name": "University of Strathclyde",
    "domains": ["strath.ac.uk"],
    "country": "United Kingdom"
  },
  {
    "alpha_two_code": "GB",
    "web_pages": ["http://www.sunderland.ac.uk/"],
    "state-province": null,
    "name": "University of Sunderland",
    "domains": ["sunderland.ac.uk"],
    "country": "United Kingdom"
  },
  {
    "alpha_two_code": "GB",
    "web_pages": ["http://www.surrey.ac.uk/"],
    "state-province": null,
    "name": "University of Surrey",
    "domains": ["surrey.ac.uk"],
    "country": "United Kingdom"
  },
  {
    "alpha_two_code": "GB",
    "web_pages": ["http://www.sussex.ac.uk/"],
    "state-province": null,
    "name": "University of Sussex",
    "domains": ["sussex.ac.uk"],
    "country": "United Kingdom"
  },
  {
    "alpha_two_code": "GB",
    "web_pages": ["http://www.swan.ac.uk/"],
    "state-province": null,
    "name": "University of Wales, Swansea",
    "domains": ["swan.ac.uk"],
    "country": "United Kingdom"
  },
  {
    "alpha_two_code": "GB",
    "web_pages": ["http://www.tcm.ac.uk/"],
    "state-province": null,
    "name": "Trinity College of Music",
    "domains": ["tcm.ac.uk"],
    "country": "United Kingdom"
  },
  {
    "alpha_two_code": "GB",
    "web_pages": ["http://www.tees.ac.uk/"],
    "state-province": null,
    "name": "University of Teesside",
    "domains": ["tees.ac.uk"],
    "country": "United Kingdom"
  },
  {
    "alpha_two_code": "GB",
    "web_pages": ["http://www.trinity-cm.ac.uk/"],
    "state-province": null,
    "name": "Trinity College Carmarthen",
    "domains": ["trinity-cm.ac.uk"],
    "country": "United Kingdom"
  },
  {
    "alpha_two_code": "GB",
    "web_pages": ["http://www.tvu.ac.uk/"],
    "state-province": null,
    "name": "Thames Valley University",
    "domains": ["tvu.ac.uk"],
    "country": "United Kingdom"
  },
  {
    "alpha_two_code": "GB",
    "web_pages": ["http://www.ucl.ac.uk/"],
    "state-province": null,
    "name": "University College London, University of London",
    "domains": ["ucl.ac.uk"],
    "country": "United Kingdom"
  },
  {
    "alpha_two_code": "GB",
    "web_pages": ["http://www.uclan.ac.uk/"],
    "state-province": null,
    "name": "University of Central Lancashire",
    "domains": ["uclan.ac.uk"],
    "country": "United Kingdom"
  },
  {
    "alpha_two_code": "GB",
    "web_pages": ["http://www.ucs.ac.uk/"],
    "state-province": null,
    "name": "University Campus Suffolk",
    "domains": ["ucs.ac.uk"],
    "country": "United Kingdom"
  },
  {
    "alpha_two_code": "GB",
    "web_pages": ["http://www.uea.ac.uk/"],
    "state-province": null,
    "name": "University of East Anglia",
    "domains": ["uea.ac.uk"],
    "country": "United Kingdom"
  },
  {
    "alpha_two_code": "GB",
    "web_pages": ["http://www.uel.ac.uk/"],
    "state-province": null,
    "name": "University of East London",
    "domains": ["uel.ac.uk"],
    "country": "United Kingdom"
  },
  {
    "alpha_two_code": "GB",
    "web_pages": ["http://www.ukc.ac.uk/"],
    "state-province": null,
    "name": "University of Kent at Canterbury",
    "domains": ["ukc.ac.uk"],
    "country": "United Kingdom"
  },
  {
    "alpha_two_code": "GB",
    "web_pages": ["http://www.ulsop.ac.uk/"],
    "state-province": null,
    "name": "School of Pharmacy, University of London",
    "domains": ["ulsop.ac.uk"],
    "country": "United Kingdom"
  },
  {
    "alpha_two_code": "GB",
    "web_pages": ["http://www.ulst.ac.uk/"],
    "state-province": null,
    "name": "University of Ulster",
    "domains": ["ulst.ac.uk"],
    "country": "United Kingdom"
  },
  {
    "alpha_two_code": "GB",
    "web_pages": ["http://www.umds.ac.uk/"],
    "state-province": null,
    "name": "United Medical and Dental Schools, University of London",
    "domains": ["umds.ac.uk"],
    "country": "United Kingdom"
  },
  {
    "alpha_two_code": "GB",
    "web_pages": ["http://www.unl.ac.uk/"],
    "state-province": null,
    "name": "University of North London",
    "domains": ["unl.ac.uk"],
    "country": "United Kingdom"
  },
  {
    "alpha_two_code": "GB",
    "web_pages": ["https://www.northumbria.ac.uk/"],
    "state-province": null,
    "name": "Northumbria University",
    "domains": ["northumbria.ac.uk"],
    "country": "United Kingdom"
  },
  {
    "alpha_two_code": "GB",
    "web_pages": ["http://www.uwcm.ac.uk/"],
    "state-province": null,
    "name": "University of Wales College of Medicine",
    "domains": ["uwcm.ac.uk"],
    "country": "United Kingdom"
  },
  {
    "alpha_two_code": "GB",
    "web_pages": ["http://www.uwe.ac.uk/"],
    "state-province": null,
    "name": "University of the West of England, Bristol",
    "domains": ["uwe.ac.uk"],
    "country": "United Kingdom"
  },
  {
    "alpha_two_code": "GB",
    "web_pages": ["http://www.uwic.ac.uk/"],
    "state-province": null,
    "name": "University of Wales Institute, Cardiff",
    "domains": ["uwic.ac.uk"],
    "country": "United Kingdom"
  },
  {
    "alpha_two_code": "GB",
    "web_pages": ["http://www.wales.ac.uk/"],
    "state-province": null,
    "name": "University of Wales",
    "domains": ["wales.ac.uk"],
    "country": "United Kingdom"
  },
  {
    "alpha_two_code": "GB",
    "web_pages": ["http://www.warnborough.edu/"],
    "state-province": null,
    "name": "Warnborough University",
    "domains": ["warnborough.edu"],
    "country": "United Kingdom"
  },
  {
    "alpha_two_code": "GB",
    "web_pages": ["http://www.warwick.ac.uk/"],
    "state-province": null,
    "name": "University of Warwick",
    "domains": ["warwick.ac.uk"],
    "country": "United Kingdom"
  },
  {
    "alpha_two_code": "GB",
    "web_pages": ["http://www.westminster.ac.uk/"],
    "state-province": null,
    "name": "University of Westminster",
    "domains": ["westminster.ac.uk"],
    "country": "United Kingdom"
  },
  {
    "alpha_two_code": "GB",
    "web_pages": ["http://www.williamgilbert.co.uk/"],
    "state-province": null,
    "name": "William Gilbert College",
    "domains": ["williamgilbert.co.uk"],
    "country": "United Kingdom"
  },
  {
    "alpha_two_code": "GB",
    "web_pages": ["http://www.wimbledon.ac.uk/"],
    "state-province": null,
    "name": "Wimbledon School of Art",
    "domains": ["wimbledon.ac.uk"],
    "country": "United Kingdom"
  },
  {
    "alpha_two_code": "GB",
    "web_pages": ["http://www.wlv.ac.uk/"],
    "state-province": null,
    "name": "University of Wolverhampton",
    "domains": ["wlv.ac.uk"],
    "country": "United Kingdom"
  },
  {
    "alpha_two_code": "GB",
    "web_pages": ["http://www.worc.ac.uk/"],
    "state-province": null,
    "name": "University of Worcester",
    "domains": ["worc.ac.uk"],
    "country": "United Kingdom"
  },
  {
    "alpha_two_code": "GB",
    "web_pages": ["http://www.york.ac.uk/"],
    "state-province": null,
    "name": "University of York",
    "domains": ["york.ac.uk"],
    "country": "United Kingdom"
  },
  {
    "alpha_two_code": "GB",
    "web_pages": ["https://www.mbro.ac.uk/"],
    "state-province": null,
    "name": "Middlesbrough College",
    "domains": ["middlesbro.ac.uk", "mbro.ac.uk"],
    "country": "United Kingdom"
  },
  {
    "alpha_two_code": "GB",
    "web_pages": ["https://www.stmarys.ac.uk/home.aspx"],
    "state-province": null,
    "name": "St Mary's University",
    "domains": ["stmarys.ac.uk"],
    "country": "United Kingdom"
  },
  {
    "alpha_two_code": "GB",
    "web_pages": ["https://www.leedstrinity.ac.uk/"],
    "state-province": null,
    "name": "Leeds Trinity University",
    "domains": ["leedstrinity.ac.uk"],
    "country": "United Kingdom"
  },
  {
    "alpha_two_code": "GB",
    "web_pages": ["https://www.eastcoast.ac.uk/"],
    "state-province": null,
    "name": "East Coast College",
    "domains": ["eastcoast.ac.uk"],
    "country": "United Kingdom"
  },
  {
    "alpha_two_code": "GB",
    "web_pages": ["https://www.swansea.ac.uk/"],
    "state-province": null,
    "name": "Swansea University",
    "domains": ["swansea.ac.uk"],
    "country": "United Kingdom"
  },
  {
    "alpha_two_code": "GB",
    "web_pages": ["https://www.yorksj.ac.uk/"],
    "state-province": null,
    "name": "York St. John University",
    "domains": ["yorksj.ac.uk"],
    "country": "United Kingdom"
  },
  {
    "alpha_two_code": "GB",
    "web_pages": ["https://cavc.ac.uk/"],
    "state-province": null,
    "name": "Cardiff and Vale College",
    "domains": ["cavc.ac.uk"],
    "country": "United Kingdom"
  },
  {
    "alpha_two_code": "GB",
    "web_pages": ["https://wakefield.ac.uk"],
    "state-province": null,
    "name": "Wakefield College",
    "domains": ["wakefield.ac.uk"],
    "country": "United Kingdom"
  },
  {
    "alpha_two_code": "GB",
    "web_pages": ["https://www.lis.ac.uk/"],
    "state-province": null,
    "name": "London Interdisciplinary School",
    "domains": ["lis.ac.uk"],
    "country": "United Kingdom"
  },
  {
    "alpha_two_code": "GB",
    "web_pages": ["https://bath.ac.uk"],
    "state-province": null,
    "name": "University of Bath",
    "domains": ["bath.edu"],
    "country": "United Kingdom"
  },
  {
    "alpha_two_code": "GB",
    "web_pages": ["https://www.ulster.ac.uk/"],
    "state-province": null,
    "name": "Ulster University",
    "domains": ["ulster.ac.uk"],
    "country": "United Kingdom"
  },
  {
    "alpha_two_code": "GB",
    "web_pages": ["https://uplearnbusinessschool.com/"],
    "state-province": null,
    "name": "Up Learn Business School",
    "domains": ["uplearnbusinessschool.com"],
    "country": "United Kingdom"
  },
  {
    "alpha_two_code": "GB",
    "web_pages": ["https://www.ncl-coll.ac.uk/"],
    "state-province": null,
    "name": "Newcastle College",
    "domains": ["ncl-coll.ac.uk"],
    "country": "United Kingdom"
  },
  {
    "alpha_two_code": "GB",
    "web_pages": ["https://www.btc.ac.uk/"],
    "state-province": null,
    "name": "Bridgwater & Taunton College",
    "domains": ["btc.ac.uk"],
    "country": "United Kingdom"
  },
  {
    "alpha_two_code": "GB",
    "web_pages": ["https://www.runshaw.ac.uk/"],
    "state-province": null,
    "name": "Runshaw College",
    "domains": ["runshaw.ac.uk"],
    "country": "United Kingdom"
  },
  {
    "alpha_two_code": "GB",
    "web_pages": ["https://www.wsc.ac.uk/"],
    "state-province": null,
    "name": "West Suffolk College",
    "domains": ["wsc.ac.uk"],
    "country": "United Kingdom"
  }
]
